{
  "totalIrrigationGallons": 62214.08344201092,
  "totalWell3Gallons": 63781.36595375836,
  "details": {
    "0": {
      "0": {
        "totalFlow": 8193.598963508382,
        "totalSeconds": 39940.82636964321,
        "avgPSI": 1.4669743019202534e+34,
        "avgTempF": 3.754362752474678e+28,
        "avgAmps": 2.104591831990566e+28,
        "gpm": 12.308607069385843,
        "updatedInLastQuery": true
      },
      "1": {
        "totalFlow": 0,
        "totalSeconds": 0,
        "avgPSI": 0,
        "avgTempF": 0,
        "avgAmps": 0,
        "gpm": 0,
        "updatedInLastQuery": false
      },
      "2": {
        "totalFlow": 0,
        "totalSeconds": 0,
        "avgPSI": 0,
        "avgTempF": 0,
        "avgAmps": 0,
        "gpm": 0,
        "updatedInLastQuery": false
      },
      "3": {
        "totalFlow": 0,
        "totalSeconds": 0,
        "avgPSI": 0,
        "avgTempF": 0,
        "avgAmps": 0,
        "gpm": 0,
        "updatedInLastQuery": false
      },
      "4": {
        "totalFlow": 0,
        "totalSeconds": 0,
        "avgPSI": 0,
        "avgTempF": 0,
        "avgAmps": 0,
        "gpm": 0,
        "updatedInLastQuery": false
      }
    },
    "1": {
      "1": {
        "totalFlow": 1088.5075301751494,
        "totalSeconds": 8184.941175341606,
        "avgPSI": 41.793179130198745,
        "avgTempF": 76.6398417978521,
        "avgAmps": 62.64605023516254,
        "gpm": 7.979342845769833,
        "updatedInLastQuery": true
      },
      "10": {
        "totalFlow": 1663.3678133487701,
        "totalSeconds": 11844.666463375092,
        "avgPSI": 45.216400661615076,
        "avgTempF": 69.71523906596306,
        "avgAmps": 1.3833982524809816,
        "gpm": 8.425907906273622,
        "updatedInLastQuery": true
      },
      "11": {
        "totalFlow": 2449.3323308825493,
        "totalSeconds": 7933.649521946907,
        "avgPSI": 47.37920933303602,
        "avgTempF": 70.43409485223013,
        "avgAmps": 1.5085718733039217,
        "gpm": 18.523623894201112,
        "updatedInLastQuery": true
      },
      "12": {
        "totalFlow": 1569.216891527176,
        "totalSeconds": 8182.722651600838,
        "avgPSI": 46.18477540091363,
        "avgTempF": 72.31380546671475,
        "avgAmps": 1.4105276985836415,
        "gpm": 11.506318556844988,
        "updatedInLastQuery": true
      },
      "13": {
        "totalFlow": 1917.4396234303713,
        "totalSeconds": 9930.130754590034,
        "avgPSI": 45.8667925316225,
        "avgTempF": 73.31886409502852,
        "avgAmps": 1.4086619788341037,
        "gpm": 11.585585351194299,
        "updatedInLastQuery": true
      },
      "14": {
        "totalFlow": 2469.647172085941,
        "totalSeconds": 10663.291336297989,
        "avgPSI": 46.192539763622825,
        "avgTempF": 73.77710028922912,
        "avgAmps": 1.4252572158031287,
        "gpm": 13.896162606075826,
        "updatedInLastQuery": true
      },
      "15": {
        "totalFlow": 36.04908740427345,
        "totalSeconds": 943.3246757984161,
        "avgPSI": 46.11748480569267,
        "avgTempF": 69.30335091179275,
        "avgAmps": 563.9010222807668,
        "gpm": 2.292895860511358,
        "updatedInLastQuery": true
      },
      "16": {
        "totalFlow": 4802.620528779924,
        "totalSeconds": 15840.88526558876,
        "avgPSI": 44.259867805337386,
        "avgTempF": 74.59439847565082,
        "avgAmps": 238.78129137402442,
        "gpm": 18.190727784182677,
        "updatedInLastQuery": true
      },
      "17": {
        "totalFlow": 0,
        "totalSeconds": 0,
        "avgPSI": 0,
        "avgTempF": 0,
        "avgAmps": 0,
        "gpm": 0,
        "updatedInLastQuery": false
      },
      "18": {
        "totalFlow": 0,
        "totalSeconds": 0,
        "avgPSI": 0,
        "avgTempF": 0,
        "avgAmps": 0,
        "gpm": 0,
        "updatedInLastQuery": false
      },
      "19": {
        "totalFlow": 0,
        "totalSeconds": 0,
        "avgPSI": 0,
        "avgTempF": 0,
        "avgAmps": 0,
        "gpm": 0,
        "updatedInLastQuery": false
      },
      "2": {
        "totalFlow": 1446.342939376831,
        "totalSeconds": 8826.926135778427,
        "avgPSI": 46.06938351779754,
        "avgTempF": 71.24852738291278,
        "avgAmps": 1.4360100996730685,
        "gpm": 9.83134729210656,
        "updatedInLastQuery": true
      },
      "20": {
        "totalFlow": 0,
        "totalSeconds": 0,
        "avgPSI": 0,
        "avgTempF": 0,
        "avgAmps": 0,
        "gpm": 0,
        "updatedInLastQuery": false
      },
      "21": {
        "totalFlow": 0,
        "totalSeconds": 0,
        "avgPSI": 0,
        "avgTempF": 0,
        "avgAmps": 0,
        "gpm": 0,
        "updatedInLastQuery": false
      },
      "22": {
        "totalFlow": 0,
        "totalSeconds": 0,
        "avgPSI": 0,
        "avgTempF": 0,
        "avgAmps": 0,
        "gpm": 0,
        "updatedInLastQuery": false
      },
      "23": {
        "totalFlow": 0,
        "totalSeconds": 0,
        "avgPSI": 0,
        "avgTempF": 0,
        "avgAmps": 0,
        "gpm": 0,
        "updatedInLastQuery": false
      },
      "24": {
        "totalFlow": 0,
        "totalSeconds": 0,
        "avgPSI": 0,
        "avgTempF": 0,
        "avgAmps": 0,
        "gpm": 0,
        "updatedInLastQuery": false
      },
      "25": {
        "totalFlow": 0,
        "totalSeconds": 0,
        "avgPSI": 0,
        "avgTempF": 0,
        "avgAmps": 0,
        "gpm": 0,
        "updatedInLastQuery": false
      },
      "26": {
        "totalFlow": 0,
        "totalSeconds": 0,
        "avgPSI": 0,
        "avgTempF": 0,
        "avgAmps": 0,
        "gpm": 0,
        "updatedInLastQuery": false
      },
      "27": {
        "totalFlow": 0,
        "totalSeconds": 0,
        "avgPSI": 0,
        "avgTempF": 0,
        "avgAmps": 0,
        "gpm": 0,
        "updatedInLastQuery": false
      },
      "28": {
        "totalFlow": 0,
        "totalSeconds": 0,
        "avgPSI": 0,
        "avgTempF": 0,
        "avgAmps": 0,
        "gpm": 0,
        "updatedInLastQuery": false
      },
      "29": {
        "totalFlow": 0,
        "totalSeconds": 0,
        "avgPSI": 0,
        "avgTempF": 0,
        "avgAmps": 0,
        "gpm": 0,
        "updatedInLastQuery": false
      },
      "3": {
        "totalFlow": 1778.407675176859,
        "totalSeconds": 10681.439600229263,
        "avgPSI": 46.108530713127884,
        "avgTempF": 70.94743732781387,
        "avgAmps": 1.4364589530884275,
        "gpm": 9.98970780196344,
        "updatedInLastQuery": true
      },
      "30": {
        "totalFlow": 0,
        "totalSeconds": 0,
        "avgPSI": 0,
        "avgTempF": 0,
        "avgAmps": 0,
        "gpm": 0,
        "updatedInLastQuery": false
      },
      "31": {
        "totalFlow": 0,
        "totalSeconds": 0,
        "avgPSI": 0,
        "avgTempF": 0,
        "avgAmps": 0,
        "gpm": 0,
        "updatedInLastQuery": false
      },
      "32": {
        "totalFlow": 0,
        "totalSeconds": 0,
        "avgPSI": 0,
        "avgTempF": 0,
        "avgAmps": 0,
        "gpm": 0,
        "updatedInLastQuery": false
      },
      "4": {
        "totalFlow": 2003.8455295562744,
        "totalSeconds": 8880.046672821045,
        "avgPSI": 48.41773681684667,
        "avgTempF": 71.08195082940989,
        "avgAmps": 1.4279922416387956,
        "gpm": 13.53942565880469,
        "updatedInLastQuery": true
      },
      "5": {
        "totalFlow": 2054.9524394869804,
        "totalSeconds": 14875.462514162064,
        "avgPSI": 45.78674445439565,
        "avgTempF": 70.97791247626925,
        "avgAmps": 1.3822724014889367,
        "gpm": 8.288626068052324,
        "updatedInLastQuery": true
      },
      "6": {
        "totalFlow": 2115.9734550714493,
        "totalSeconds": 14850.488885760307,
        "avgPSI": 45.58057612981621,
        "avgTempF": 70.40373415974902,