{
  "totalIrrigationGallons": 39862.04031556286,
  "totalWell3Gallons": 39964.94692146778,
  "details": {
    "0": {
      "0": {
        "totalFlow": 1467.290533022955,
        "totalSeconds": 8574.965666294098,
        "avgPSI": 558967651327867970,
        "avgTempF": 8.32731851559541e+28,
        "avgAmps": 2.994085117648926e+28,
        "gpm": 10.266797023739576,
        "updatedInLastQuery": true
      },
      "1": {
        "totalFlow": 0,
        "totalSeconds": 0,
        "avgPSI": 0,
        "avgTempF": 0,
        "avgAmps": 0,
        "gpm": 0,
        "updatedInLastQuery": false
      },
      "2": {
        "totalFlow": 0,
        "totalSeconds": 0,
        "avgPSI": 0,
        "avgTempF": 0,
        "avgAmps": 0,
        "gpm": 0,
        "updatedInLastQuery": false
      },
      "3": {
        "totalFlow": 0,
        "totalSeconds": 0,
        "avgPSI": 0,
        "avgTempF": 0,
        "avgAmps": 0,
        "gpm": 0,
        "updatedInLastQuery": false
      },
      "4": {
        "totalFlow": 0,
        "totalSeconds": 0,
        "avgPSI": 0,
        "avgTempF": 0,
        "avgAmps": 0,
        "gpm": 0,
        "updatedInLastQuery": false
      }
    },
    "1": {
      "1": {
        "totalFlow": 557.4117309898138,
        "totalSeconds": 4562.989512205124,
        "avgPSI": 42.390615187836865,
        "avgTempF": 76.55571973099096,
        "avgAmps": 1.4649581433074195,
        "gpm": 7.329559660378496,
        "updatedInLastQuery": true
      },
      "10": {
        "totalFlow": 1038.9268416017294,
        "totalSeconds": 7397.751118183136,
        "avgPSI": 45.41823710281182,
        "avgTempF": 69.76700583994872,
        "avgAmps": 1.389000011609012,
        "gpm": 8.426291923080157,
        "updatedInLastQuery": true
      },
      "11": {
        "totalFlow": 1827.7972521781921,
        "totalSeconds": 5633.177880525589,
        "avgPSI": 47.12298469694162,
        "avgTempF": 72.42972597344355,
        "avgAmps": 1.5255751205946912,
        "gpm": 19.46820026930505,
        "updatedInLastQuery": true
      },
      "12": {
        "totalFlow": 1337.8198313117027,
        "totalSeconds": 7002.507931470871,
        "avgPSI": 46.0498696698272,
        "avgTempF": 72.54563507245722,
        "avgAmps": 1.4149347353519635,
        "gpm": 11.462920237184463,
        "updatedInLastQuery": true
      },
      "13": {
        "totalFlow": 2040.0858761370182,
        "totalSeconds": 10487.271269917488,
        "avgPSI": 45.80482569100121,
        "avgTempF": 73.428528476364,
        "avgAmps": 1.4165144626674735,
        "gpm": 11.671782813450973,
        "updatedInLastQuery": true
      },
      "14": {
        "totalFlow": 2646.25495955348,
        "totalSeconds": 10445.27999150753,
        "avgPSI": 47.23716251135306,
        "avgTempF": 73.58680732768694,
        "avgAmps": 1.4468423015802148,
        "gpm": 15.200674151607242,
        "updatedInLastQuery": true
      },
      "15": {
        "totalFlow": 0,
        "totalSeconds": 0,
        "avgPSI": 0,
        "avgTempF": 0,
        "avgAmps": 0,
        "gpm": 0,
        "updatedInLastQuery": false
      },
      "16": {
        "totalFlow": 2560.9713693782687,
        "totalSeconds": 8648.899250864983,
        "avgPSI": 44.44338137480073,
        "avgTempF": 77.78729059142819,
        "avgAmps": 1.4796661415499346,
        "gpm": 17.766224083062205,
        "updatedInLastQuery": true
      },
      "17": {
        "totalFlow": 0,
        "totalSeconds": 0,
        "avgPSI": 0,
        "avgTempF": 0,
        "avgAmps": 0,
        "gpm": 0,
        "updatedInLastQuery": false
      },
      "18": {
        "totalFlow": 0,
        "totalSeconds": 0,
        "avgPSI": 0,
        "avgTempF": 0,
        "avgAmps": 0,
        "gpm": 0,
        "updatedInLastQuery": false
      },
      "19": {
        "totalFlow": 0,
        "totalSeconds": 0,
        "avgPSI": 0,
        "avgTempF": 0,
        "avgAmps": 0,
        "gpm": 0,
        "updatedInLastQuery": false
      },
      "2": {
        "totalFlow": 986.9906239807606,
        "totalSeconds": 6095.331975102425,
        "avgPSI": 46.03133850610956,
        "avgTempF": 73.07599364963953,
        "avgAmps": 1.4411120918644504,
        "gpm": 9.71553931446868,
        "updatedInLastQuery": true
      },
      "20": {
        "totalFlow": 0,
        "totalSeconds": 0,
        "avgPSI": 0,
        "avgTempF": 0,
        "avgAmps": 0,
        "gpm": 0,
        "updatedInLastQuery": false
      },
      "21": {
        "totalFlow": 0,
        "totalSeconds": 0,
        "avgPSI": 0,
        "avgTempF": 0,
        "avgAmps": 0,
        "gpm": 0,
        "updatedInLastQuery": false
      },
      "22": {
        "totalFlow": 0,
        "totalSeconds": 0,
        "avgPSI": 0,
        "avgTempF": 0,
        "avgAmps": 0,
        "gpm": 0,
        "updatedInLastQuery": false
      },
      "23": {
        "totalFlow": 0,
        "totalSeconds": 0,
        "avgPSI": 0,
        "avgTempF": 0,
        "avgAmps": 0,
        "gpm": 0,
        "updatedInLastQuery": false
      },
      "24": {
        "totalFlow": 0,
        "totalSeconds": 0,
        "avgPSI": 0,
        "avgTempF": 0,
        "avgAmps": 0,
        "gpm": 0,
        "updatedInLastQuery": false
      },
      "25": {
        "totalFlow": 0,
        "totalSeconds": 0,
        "avgPSI": 0,
        "avgTempF": 0,
        "avgAmps": 0,
        "gpm": 0,
        "updatedInLastQuery": false
      },
      "26": {
        "totalFlow": 0,
        "totalSeconds": 0,
        "avgPSI": 0,
        "avgTempF": 0,
        "avgAmps": 0,
        "gpm": 0,
        "updatedInLastQuery": false
      },
      "27": {
        "totalFlow": 0,
        "totalSeconds": 0,
        "avgPSI": 0,
        "avgTempF": 0,
        "avgAmps": 0,
        "gpm": 0,
        "updatedInLastQuery": false
      },
      "28": {
        "totalFlow": 0,
        "totalSeconds": 0,
        "avgPSI": 0,
        "avgTempF": 0,
        "avgAmps": 0,
        "gpm": 0,
        "updatedInLastQuery": false
      },
      "29": {
        "totalFlow": 0,
        "totalSeconds": 0,
        "avgPSI": 0,
        "avgTempF": 0,
        "avgAmps": 0,
        "gpm": 0,
        "updatedInLastQuery": false
      },
      "3": {
        "totalFlow": 1228.7520384192467,
        "totalSeconds": 7428.695366978645,
        "avgPSI": 46.09234494490114,
        "avgTempF": 71.69671474100845,
        "avgAmps": 1.4439056307755553,
        "gpm": 9.924370116571335,
        "updatedInLastQuery": true
      },
      "30": {
        "totalFlow": 0,
        "totalSeconds": 0,
        "avgPSI": 0,
        "avgTempF": 0,
        "avgAmps": 0,
        "gpm": 0,
        "updatedInLastQuery": false
      },
      "31": {
        "totalFlow": 0,
        "totalSeconds": 0,
        "avgPSI": 0,
        "avgTempF": 0,
        "avgAmps": 0,
        "gpm": 0,
        "updatedInLastQuery": false
      },
      "32": {
        "totalFlow": 0,
        "totalSeconds": 0,
        "avgPSI": 0,
        "avgTempF": 0,
        "avgAmps": 0,
        "gpm": 0,
        "updatedInLastQuery": false
      },
      "4": {
        "totalFlow": 1382.931610673666,
        "totalSeconds": 6160.4454065561295,
        "avgPSI": 48.45623992236138,
        "avgTempF": 71.85626991818256,
        "avgAmps": 1.4352498920654047,
        "gpm": 13.469139187909132,
        "updatedInLastQuery": true
      },
      "5": {
        "totalFlow": 1429.1353092640638,
        "totalSeconds": 10358.411000490189,
        "avgPSI": 45.797953675179095,
        "avgTempF": 71.84920217927333,
        "avgAmps": 1.3882911464407344,
        "gpm": 8.278115103927233,
        "updatedInLastQuery": true
      },
      "6": {
        "totalFlow": 1479.0814409703016,
        "totalSeconds": 10370.461307287216,
        "avgPSI": 45.585085326644744,
        "avgTempF": 71.77702765332327,
        "avgAmps": 1.388280393590254,
        "gpm": 8.557467583033938,
        "updatedInLastQuery": true
      },