{
  "totalIrrigationGallons": 6882.526011834852,
  "totalWell3Gallons": 6269.37483894825,
  "details": {
    "0": {
      "0": {
        "totalFlow": 536.964826695621,
        "totalSeconds": 2445.550411581993,
        "avgPSI": 45.0226673596232,
        "avgTempF": 77.06206905934465,
        "avgAmps": 1.4953030784681043,
        "gpm": 13.17408524852119,
        "updatedInLastQuery": true
      },
      "1": {
        "totalFlow": 0,
        "totalSeconds": 0,
        "avgPSI": 0,
        "avgTempF": 0,
        "avgAmps": 0,
        "gpm": 0,
        "updatedInLastQuery": true
      },
      "2": {
        "totalFlow": 0,
        "totalSeconds": 0,
        "avgPSI": 0,
        "avgTempF": 0,
        "avgAmps": 0,
        "gpm": 0,
        "updatedInLastQuery": true
      },
      "3": {
        "totalFlow": 0,
        "totalSeconds": 0,
        "avgPSI": 0,
        "avgTempF": 0,
        "avgAmps": 0,
        "gpm": 0,
        "updatedInLastQuery": true
      },
      "4": {
        "totalFlow": 0,
        "totalSeconds": 0,
        "avgPSI": 0,
        "avgTempF": 0,
        "avgAmps": 0,
        "gpm": 0,
        "updatedInLastQuery": true
      }
    },
    "1": {
      "1": {
        "totalFlow": 79.90322437137365,
        "totalSeconds": 560.1264853477478,
        "avgPSI": 44.62262043952942,
        "avgTempF": 77.85138241904123,
        "avgAmps": 1.4249089358108384,
        "gpm": 8.559126532475968,
        "updatedInLastQuery": true
      },
      "10": {
        "totalFlow": 212.25339877605438,
        "totalSeconds": 1486.3515399694443,
        "avgPSI": 45.580128493893035,
        "avgTempF": 78.43774273385911,
        "avgAmps": 1.3802261167227179,
        "gpm": 8.56809683584347,
        "updatedInLastQuery": true
      },
      "11": {
        "totalFlow": 308.28873777389526,
        "totalSeconds": 1059.259446978569,
        "avgPSI": 45.52751017022065,
        "avgTempF": 73.50888556461496,
        "avgAmps": 1.526099172710134,
        "gpm": 17.46250582819485,
        "updatedInLastQuery": true
      },
      "12": {
        "totalFlow": 181.37168981134892,
        "totalSeconds": 1059.2572202682495,
        "avgPSI": 45.882011878254055,
        "avgTempF": 74.07595372042417,
        "avgAmps": 1.4130056774537445,
        "gpm": 10.273521086714961,
        "updatedInLastQuery": true
      },
      "13": {
        "totalFlow": 403.6019837260246,
        "totalSeconds": 2218.5097584724426,
        "avgPSI": 45.94706635651447,
        "avgTempF": 76.5902714295039,
        "avgAmps": 1.4148611494611254,
        "gpm": 10.915489071472695,
        "updatedInLastQuery": true
      },
      "14": {
        "totalFlow": 508.94496604800224,
        "totalSeconds": 2216.5295470952988,
        "avgPSI": 46.605627251015676,
        "avgTempF": 76.43912324320108,
        "avgAmps": 1.4395613827429954,
        "gpm": 13.776806180137612,
        "updatedInLastQuery": true
      },
      "15": {
        "totalFlow": 0,
        "totalSeconds": 0,
        "avgPSI": 0,
        "avgTempF": 0,
        "avgAmps": 0,
        "gpm": 0,
        "updatedInLastQuery": true
      },
      "16": {
        "totalFlow": 345.75711691379547,
        "totalSeconds": 1160.254886507988,
        "avgPSI": 45.307232383201864,
        "avgTempF": 80.51300503960971,
        "avgAmps": 1.503861220437905,
        "gpm": 17.880060024797753,
        "updatedInLastQuery": true
      },
      "17": {
        "totalFlow": 0,
        "totalSeconds": 0,
        "avgPSI": 0,
        "avgTempF": 0,
        "avgAmps": 0,
        "gpm": 0,
        "updatedInLastQuery": true
      },
      "18": {
        "totalFlow": 0,
        "totalSeconds": 0,
        "avgPSI": 0,
        "avgTempF": 0,
        "avgAmps": 0,
        "gpm": 0,
        "updatedInLastQuery": true
      },
      "19": {
        "totalFlow": 0,
        "totalSeconds": 0,
        "avgPSI": 0,
        "avgTempF": 0,
        "avgAmps": 0,
        "gpm": 0,
        "updatedInLastQuery": true
      },
      "2": {
        "totalFlow": 135.00950422137976,
        "totalSeconds": 878.2272202968597,
        "avgPSI": 46.510473233963744,
        "avgTempF": 73.4880264560291,
        "avgAmps": 1.425105933991,
        "gpm": 9.223774970837978,
        "updatedInLastQuery": true
      },
      "20": {
        "totalFlow": 0,
        "totalSeconds": 0,
        "avgPSI": 0,
        "avgTempF": 0,
        "avgAmps": 0,
        "gpm": 0,
        "updatedInLastQuery": true
      },
      "21": {
        "totalFlow": 0,
        "totalSeconds": 0,
        "avgPSI": 0,
        "avgTempF": 0,
        "avgAmps": 0,
        "gpm": 0,
        "updatedInLastQuery": true
      },
      "22": {
        "totalFlow": 0,
        "totalSeconds": 0,
        "avgPSI": 0,
        "avgTempF": 0,
        "avgAmps": 0,
        "gpm": 0,
        "updatedInLastQuery": true
      },
      "23": {
        "totalFlow": 0,
        "totalSeconds": 0,
        "avgPSI": 0,
        "avgTempF": 0,
        "avgAmps": 0,
        "gpm": 0,
        "updatedInLastQuery": true
      },
      "24": {
        "totalFlow": 0,
        "totalSeconds": 0,
        "avgPSI": 0,
        "avgTempF": 0,
        "avgAmps": 0,
        "gpm": 0,
        "updatedInLastQuery": true
      },
      "25": {
        "totalFlow": 0,
        "totalSeconds": 0,
        "avgPSI": 0,
        "avgTempF": 0,
        "avgAmps": 0,
        "gpm": 0,
        "updatedInLastQuery": true
      },
      "26": {
        "totalFlow": 0,
        "totalSeconds": 0,
        "avgPSI": 0,
        "avgTempF": 0,
        "avgAmps": 0,
        "gpm": 0,
        "updatedInLastQuery": true
      },
      "27": {
        "totalFlow": 0,
        "totalSeconds": 0,
        "avgPSI": 0,
        "avgTempF": 0,
        "avgAmps": 0,
        "gpm": 0,
        "updatedInLastQuery": true
      },
      "28": {
        "totalFlow": 0,
        "totalSeconds": 0,
        "avgPSI": 0,
        "avgTempF": 0,
        "avgAmps": 0,
        "gpm": 0,
        "updatedInLastQuery": true
      },
      "29": {
        "totalFlow": 0,
        "totalSeconds": 0,
        "avgPSI": 0,
        "avgTempF": 0,
        "avgAmps": 0,
        "gpm": 0,
        "updatedInLastQuery": true
      },
      "3": {
        "totalFlow": 177.9374541938305,
        "totalSeconds": 1059.2161856889725,
        "avgPSI": 46.57633704346683,
        "avgTempF": 79.05527519391774,
        "avgAmps": 1.4261019959328194,
        "gpm": 10.079384544794706,
        "updatedInLastQuery": true
      },
      "30": {
        "totalFlow": 0,
        "totalSeconds": 0,
        "avgPSI": 0,
        "avgTempF": 0,
        "avgAmps": 0,
        "gpm": 0,
        "updatedInLastQuery": true
      },
      "31": {
        "totalFlow": 0,
        "totalSeconds": 0,
        "avgPSI": 0,
        "avgTempF": 0,
        "avgAmps": 0,
        "gpm": 0,
        "updatedInLastQuery": true
      },
      "32": {
        "totalFlow": 0,
        "totalSeconds": 0,
        "avgPSI": 0,
        "avgTempF": 0,
        "avgAmps": 0,
        "gpm": 0,
        "updatedInLastQuery": true
      },
      "4": {
        "totalFlow": 197.30125772953033,
        "totalSeconds": 881.1794866323471,
        "avgPSI": 47.97262397662194,
        "avgTempF": 79.42966690669671,
        "avgAmps": 1.4222622272240317,
        "gpm": 13.434352073961747,
        "updatedInLastQuery": true
      },
      "5": {
        "totalFlow": 202.5582859814167,
        "totalSeconds": 1479.298652291298,
        "avgPSI": 45.77365986473904,
        "avgTempF": 79.69665146131948,
        "avgAmps": 1.3719614704691776,
        "gpm": 8.215715697476199,
        "updatedInLastQuery": true
      },
      "6": {
        "totalFlow": 214.52527873963118,
        "totalSeconds": 1487.2939398288727,
        "avgPSI": 45.772885168007576,
        "avgTempF": 79.7990318200856,
        "avgAmps": 1.3763584478958069,
        "gpm": 8.654319351196214,
        "updatedInLastQuery": true
      },