{
  "totalIrrigationGallons": 5993.6664536250755,
  "totalWell3Gallons": 5088.584192335606,
  "details": {
    "0": {
      "0": {
        "totalFlow": 716.531338961795,
        "totalSeconds": 3671.784504532814,
        "avgPSI": 45.515507579466785,
        "avgTempF": 75.89446200352863,
        "avgAmps": 1.475470455107666,
        "gpm": 11.708715553604595,
        "updatedInLastQuery": true
      },
      "1": {
        "totalFlow": 0,
        "totalSeconds": 0,
        "avgPSI": 0,
        "avgTempF": 0,
        "avgAmps": 0,
        "gpm": 0,
        "updatedInLastQuery": true
      },
      "2": {
        "totalFlow": 0,
        "totalSeconds": 0,
        "avgPSI": 0,
        "avgTempF": 0,
        "avgAmps": 0,
        "gpm": 0,
        "updatedInLastQuery": true
      },
      "3": {
        "totalFlow": 0,
        "totalSeconds": 0,
        "avgPSI": 0,
        "avgTempF": 0,
        "avgAmps": 0,
        "gpm": 0,
        "updatedInLastQuery": true
      },
      "4": {
        "totalFlow": 0,
        "totalSeconds": 0,
        "avgPSI": 0,
        "avgTempF": 0,
        "avgAmps": 0,
        "gpm": 0,
        "updatedInLastQuery": true
      }
    },
    "1": {
      "1": {
        "totalFlow": 40.532790675759315,
        "totalSeconds": 280.0587844848633,
        "avgPSI": 46.84336566925049,
        "avgTempF": 78.55651730128697,
        "avgAmps": 1.410685728277479,
        "gpm": 8.68377489039985,
        "updatedInLastQuery": true
      },
      "10": {
        "totalFlow": 202.57589481398463,
        "totalSeconds": 1478.3172363042831,
        "avgPSI": 45.68066063495063,
        "avgTempF": 79.95346794076798,
        "avgAmps": 1.3830101605358562,
        "gpm": 8.221884579540475,
        "updatedInLastQuery": true
      },
      "11": {
        "totalFlow": 619.5450070500374,
        "totalSeconds": 2119.4761060476303,
        "avgPSI": 45.93593282101007,
        "avgTempF": 73.58629496179701,
        "avgAmps": 1.5306356941657902,
        "gpm": 17.53862679410969,
        "updatedInLastQuery": true
      },
      "12": {
        "totalFlow": 364.42527528107166,
        "totalSeconds": 2119.473894715309,
        "avgPSI": 46.33828802500316,
        "avgTempF": 73.9166282088535,
        "avgAmps": 1.41774140072634,
        "gpm": 10.316483053357592,
        "updatedInLastQuery": true
      },
      "13": {
        "totalFlow": 481.5503351688385,
        "totalSeconds": 2706.599084854126,
        "avgPSI": 46.401394922999394,
        "avgTempF": 75.08097204982309,
        "avgAmps": 1.4198193032478987,
        "gpm": 10.675027665461403,
        "updatedInLastQuery": true
      },
      "14": {
        "totalFlow": 604.2318046092987,
        "totalSeconds": 2695.624276638031,
        "avgPSI": 47.01875168441178,
        "avgTempF": 74.85611107424593,
        "avgAmps": 1.4457851684159826,
        "gpm": 13.449169675001448,
        "updatedInLastQuery": true
      },
      "15": {
        "totalFlow": 0,
        "totalSeconds": 0,
        "avgPSI": 0,
        "avgTempF": 0,
        "avgAmps": 0,
        "gpm": 0,
        "updatedInLastQuery": true
      },
      "16": {
        "totalFlow": 163.09979313611984,
        "totalSeconds": 579.1145174503326,
        "avgPSI": 46.46611129681681,
        "avgTempF": 79.84358842549958,
        "avgAmps": 1.502259079862341,
        "gpm": 16.89819076070128,
        "updatedInLastQuery": true
      },
      "17": {
        "totalFlow": 0,
        "totalSeconds": 0,
        "avgPSI": 0,
        "avgTempF": 0,
        "avgAmps": 0,
        "gpm": 0,
        "updatedInLastQuery": true
      },
      "18": {
        "totalFlow": 0,
        "totalSeconds": 0,
        "avgPSI": 0,
        "avgTempF": 0,
        "avgAmps": 0,
        "gpm": 0,
        "updatedInLastQuery": true
      },
      "19": {
        "totalFlow": 0,
        "totalSeconds": 0,
        "avgPSI": 0,
        "avgTempF": 0,
        "avgAmps": 0,
        "gpm": 0,
        "updatedInLastQuery": true
      },
      "2": {
        "totalFlow": 272.1764134541154,
        "totalSeconds": 1758.4048631191254,
        "avgPSI": 46.97049960504213,
        "avgTempF": 73.28308359347919,
        "avgAmps": 1.427501717999798,
        "gpm": 9.287158577507066,
        "updatedInLastQuery": true
      },
      "20": {
        "totalFlow": 0,
        "totalSeconds": 0,
        "avgPSI": 0,
        "avgTempF": 0,
        "avgAmps": 0,
        "gpm": 0,
        "updatedInLastQuery": true
      },
      "21": {
        "totalFlow": 0,
        "totalSeconds": 0,
        "avgPSI": 0,
        "avgTempF": 0,
        "avgAmps": 0,
        "gpm": 0,
        "updatedInLastQuery": true
      },
      "22": {
        "totalFlow": 0,
        "totalSeconds": 0,
        "avgPSI": 0,
        "avgTempF": 0,
        "avgAmps": 0,
        "gpm": 0,
        "updatedInLastQuery": true
      },
      "23": {
        "totalFlow": 0,
        "totalSeconds": 0,
        "avgPSI": 0,
        "avgTempF": 0,
        "avgAmps": 0,
        "gpm": 0,
        "updatedInLastQuery": true
      },
      "24": {
        "totalFlow": 0,
        "totalSeconds": 0,
        "avgPSI": 0,
        "avgTempF": 0,
        "avgAmps": 0,
        "gpm": 0,
        "updatedInLastQuery": true
      },
      "25": {
        "totalFlow": 0,
        "totalSeconds": 0,
        "avgPSI": 0,
        "avgTempF": 0,
        "avgAmps": 0,
        "gpm": 0,
        "updatedInLastQuery": true
      },
      "26": {
        "totalFlow": 0,
        "totalSeconds": 0,
        "avgPSI": 0,
        "avgTempF": 0,
        "avgAmps": 0,
        "gpm": 0,
        "updatedInLastQuery": true
      },
      "27": {
        "totalFlow": 0,
        "totalSeconds": 0,
        "avgPSI": 0,
        "avgTempF": 0,
        "avgAmps": 0,
        "gpm": 0,
        "updatedInLastQuery": true
      },
      "28": {
        "totalFlow": 0,
        "totalSeconds": 0,
        "avgPSI": 0,
        "avgTempF": 0,
        "avgAmps": 0,
        "gpm": 0,
        "updatedInLastQuery": true
      },
      "29": {
        "totalFlow": 0,
        "totalSeconds": 0,
        "avgPSI": 0,
        "avgTempF": 0,
        "avgAmps": 0,
        "gpm": 0,
        "updatedInLastQuery": true
      },
      "3": {
        "totalFlow": 0,
        "totalSeconds": 0,
        "avgPSI": 0,
        "avgTempF": 0,
        "avgAmps": 0,
        "gpm": 0,
        "updatedInLastQuery": true
      },
      "30": {
        "totalFlow": 0,
        "totalSeconds": 0,
        "avgPSI": 0,
        "avgTempF": 0,
        "avgAmps": 0,
        "gpm": 0,
        "updatedInLastQuery": true
      },
      "31": {
        "totalFlow": 0,
        "totalSeconds": 0,
        "avgPSI": 0,
        "avgTempF": 0,
        "avgAmps": 0,
        "gpm": 0,
        "updatedInLastQuery": true
      },
      "32": {
        "totalFlow": 0,
        "totalSeconds": 0,
        "avgPSI": 0,
        "avgTempF": 0,
        "avgAmps": 0,
        "gpm": 0,
        "updatedInLastQuery": true
      },
      "4": {
        "totalFlow": 0,
        "totalSeconds": 0,
        "avgPSI": 0,
        "avgTempF": 0,
        "avgAmps": 0,
        "gpm": 0,
        "updatedInLastQuery": true
      },
      "5": {
        "totalFlow": 0,
        "totalSeconds": 0,
        "avgPSI": 0,
        "avgTempF": 0,
        "avgAmps": 0,
        "gpm": 0,
        "updatedInLastQuery": true
      },
      "6": {
        "totalFlow": 0,
        "totalSeconds": 0,
        "avgPSI": 0,
        "avgTempF": 0,
        "avgAmps": 0,
        "gpm": 0,
        "updatedInLastQuery": true
      },
      "7": {
        "totalFlow": 0,
        "totalSeconds": 0,
        "avgPSI": 0,
        "avgTempF": 0,
        "avgAmps": 0,
        "gpm": 0,
        "updatedInLastQuery": true
      },
      "8": {
        "totalFlow": 329.2992000281811,
        "totalSeconds": 1299.2540049552917,
        "avgPSI": 46.79240102378839,
        "avgTempF": 80.03039742250273,
        "avgAmps": 1.481748284423599,
        "gpm": 15.207151123902635,