{
  "totalIrrigationGallons": 6915.177629515529,
  "totalWell3Gallons": 8408.674615740776,
  "details": {
    "0": {
      "0": {
        "totalFlow": 46.76724973320961,
        "totalSeconds": 457.10122776031494,
        "avgPSI": 38.32849113268195,
        "avgTempF": 70.94001476196021,
        "avgAmps": 1.8168643454896771,
        "gpm": 6.138760549258349,
        "updatedInLastQuery": true
      },
      "1": {
        "totalFlow": 0,
        "totalSeconds": 0,
        "avgPSI": 0,
        "avgTempF": 0,
        "avgAmps": 0,
        "gpm": 0,
        "updatedInLastQuery": false
      },
      "2": {
        "totalFlow": 0,
        "totalSeconds": 0,
        "avgPSI": 0,
        "avgTempF": 0,
        "avgAmps": 0,
        "gpm": 0,
        "updatedInLastQuery": false
      },
      "3": {
        "totalFlow": 0,
        "totalSeconds": 0,
        "avgPSI": 0,
        "avgTempF": 0,
        "avgAmps": 0,
        "gpm": 0,
        "updatedInLastQuery": false
      },
      "4": {
        "totalFlow": 0,
        "totalSeconds": 0,
        "avgPSI": 0,
        "avgTempF": 0,
        "avgAmps": 0,
        "gpm": 0,
        "updatedInLastQuery": false
      }
    },
    "1": {
      "1": {
        "totalFlow": 103.74034570157528,
        "totalSeconds": 834.1837706565857,
        "avgPSI": 43.401270635408174,
        "avgTempF": 73.7762120473299,
        "avgAmps": 1.493284186727995,
        "gpm": 7.461690050856872,
        "updatedInLastQuery": true
      },
      "10": {
        "totalFlow": 208.42290349304676,
        "totalSeconds": 1479.3429346084595,
        "avgPSI": 45.38308230149254,
        "avgTempF": 68.44239138073821,
        "avgAmps": 1.389219074413694,
        "gpm": 8.453330135309448,
        "updatedInLastQuery": true
      },
      "11": {
        "totalFlow": 354.8270186185837,
        "totalSeconds": 1059.2537705898285,
        "avgPSI": 47.064952709406924,
        "avgTempF": 73.2936607555357,
        "avgAmps": 1.5344107767902984,
        "gpm": 20.098697505943488,
        "updatedInLastQuery": true
      },
      "12": {
        "totalFlow": 203.22751691937447,
        "totalSeconds": 1060.28440117836,
        "avgPSI": 46.03914115833786,
        "avgTempF": 73.05464508488492,
        "avgAmps": 1.430317945637793,
        "gpm": 11.500358773184727,
        "updatedInLastQuery": true
      },
      "13": {
        "totalFlow": 550.4639972001314,
        "totalSeconds": 2803.6424275636673,
        "avgPSI": 45.574073407040125,
        "avgTempF": 73.58679044616677,
        "avgAmps": 1.4270463975633505,
        "gpm": 11.780332437296112,
        "updatedInLastQuery": true
      },
      "14": {
        "totalFlow": 694.6226641237736,
        "totalSeconds": 2797.6540117263794,
        "avgPSI": 47.13492355510342,
        "avgTempF": 73.77478372398598,
        "avgAmps": 1.4475563226276353,
        "gpm": 14.897253081594641,
        "updatedInLastQuery": true
      },
      "15": {
        "totalFlow": 0,
        "totalSeconds": 0,
        "avgPSI": 0,
        "avgTempF": 0,
        "avgAmps": 0,
        "gpm": 0,
        "updatedInLastQuery": false
      },
      "16": {
        "totalFlow": 545.8145575523376,
        "totalSeconds": 1737.3717756271362,
        "avgPSI": 45.903214673715965,
        "avgTempF": 74.82221455154024,
        "avgAmps": 1.4960172766574031,
        "gpm": 18.849663562261423,
        "updatedInLastQuery": true
      },
      "17": {
        "totalFlow": 0,
        "totalSeconds": 0,
        "avgPSI": 0,
        "avgTempF": 0,
        "avgAmps": 0,
        "gpm": 0,
        "updatedInLastQuery": false
      },
      "18": {
        "totalFlow": 0,
        "totalSeconds": 0,
        "avgPSI": 0,
        "avgTempF": 0,
        "avgAmps": 0,
        "gpm": 0,
        "updatedInLastQuery": false
      },
      "19": {
        "totalFlow": 0,
        "totalSeconds": 0,
        "avgPSI": 0,
        "avgTempF": 0,
        "avgAmps": 0,
        "gpm": 0,
        "updatedInLastQuery": false
      },
      "2": {
        "totalFlow": 142.3094566464424,
        "totalSeconds": 880.2065818309784,
        "avgPSI": 45.92781287106601,
        "avgTempF": 73.20644889311357,
        "avgAmps": 1.4536909279498187,
        "gpm": 9.700640253137943,
        "updatedInLastQuery": true
      },
      "20": {
        "totalFlow": 0,
        "totalSeconds": 0,
        "avgPSI": 0,
        "avgTempF": 0,
        "avgAmps": 0,
        "gpm": 0,
        "updatedInLastQuery": false
      },
      "21": {
        "totalFlow": 0,
        "totalSeconds": 0,
        "avgPSI": 0,
        "avgTempF": 0,
        "avgAmps": 0,
        "gpm": 0,
        "updatedInLastQuery": false
      },
      "22": {
        "totalFlow": 0,
        "totalSeconds": 0,
        "avgPSI": 0,
        "avgTempF": 0,
        "avgAmps": 0,
        "gpm": 0,
        "updatedInLastQuery": false
      },
      "23": {
        "totalFlow": 0,
        "totalSeconds": 0,
        "avgPSI": 0,
        "avgTempF": 0,
        "avgAmps": 0,
        "gpm": 0,
        "updatedInLastQuery": false
      },
      "24": {
        "totalFlow": 0,
        "totalSeconds": 0,
        "avgPSI": 0,
        "avgTempF": 0,
        "avgAmps": 0,
        "gpm": 0,
        "updatedInLastQuery": false
      },
      "25": {
        "totalFlow": 0,
        "totalSeconds": 0,
        "avgPSI": 0,
        "avgTempF": 0,
        "avgAmps": 0,
        "gpm": 0,
        "updatedInLastQuery": false
      },
      "26": {
        "totalFlow": 0,
        "totalSeconds": 0,
        "avgPSI": 0,
        "avgTempF": 0,
        "avgAmps": 0,
        "gpm": 0,
        "updatedInLastQuery": false
      },
      "27": {
        "totalFlow": 0,
        "totalSeconds": 0,
        "avgPSI": 0,
        "avgTempF": 0,
        "avgAmps": 0,
        "gpm": 0,
        "updatedInLastQuery": false
      },
      "28": {
        "totalFlow": 0,
        "totalSeconds": 0,
        "avgPSI": 0,
        "avgTempF": 0,
        "avgAmps": 0,
        "gpm": 0,
        "updatedInLastQuery": false
      },
      "29": {
        "totalFlow": 0,
        "totalSeconds": 0,
        "avgPSI": 0,
        "avgTempF": 0,
        "avgAmps": 0,
        "gpm": 0,
        "updatedInLastQuery": false
      },
      "3": {
        "totalFlow": 174.43277204036713,
        "totalSeconds": 1059.2295761108398,
        "avgPSI": 46.159950922748976,
        "avgTempF": 68.4556279168926,
        "avgAmps": 1.4533229605897178,
        "gpm": 9.880734600377933,
        "updatedInLastQuery": true
      },
      "30": {
        "totalFlow": 0,
        "totalSeconds": 0,
        "avgPSI": 0,
        "avgTempF": 0,
        "avgAmps": 0,
        "gpm": 0,
        "updatedInLastQuery": false
      },
      "31": {
        "totalFlow": 0,
        "totalSeconds": 0,
        "avgPSI": 0,
        "avgTempF": 0,
        "avgAmps": 0,
        "gpm": 0,
        "updatedInLastQuery": false
      },
      "32": {
        "totalFlow": 0,
        "totalSeconds": 0,
        "avgPSI": 0,
        "avgTempF": 0,
        "avgAmps": 0,
        "gpm": 0,
        "updatedInLastQuery": false
      },
      "4": {
        "totalFlow": 197.4861803650856,
        "totalSeconds": 880.1902195215225,
        "avgPSI": 48.554320452430034,
        "avgTempF": 68.3908090504733,
        "avgAmps": 1.4466545508666473,
        "gpm": 13.462056904411442,
        "updatedInLastQuery": true
      },
      "5": {
        "totalFlow": 204.02884343266487,
        "totalSeconds": 1479.3124556541443,
        "avgPSI": 45.862240606260265,
        "avgTempF": 68.26850802387395,
        "avgAmps": 1.4039330818590239,
        "gpm": 8.275283939623602,
        "updatedInLastQuery": true
      },
      "6": {
        "totalFlow": 210.65075606107712,
        "totalSeconds": 1477.322103023529,
        "avgPSI": 45.667318224019105,
        "avgTempF": 68.35158962903188,
        "avgAmps": 1.403719719955868,
        "gpm": 8.55537552561977,
        "updatedInLastQuery": true
      },