{
  "totalIrrigationGallons": 4139.98033773154,
  "totalWell3Gallons": 4958.708348482847,
  "details": {
    "0": {
      "0": {
        "totalFlow": 25.16678576171398,
        "totalSeconds": 255.05920231342316,
        "avgPSI": 33.32380562015608,
        "avgTempF": 78.7011755251417,
        "avgAmps": 1.7964235446032355,
        "gpm": 5.920222175898222,
        "updatedInLastQuery": true
      },
      "1": {
        "totalFlow": 0,
        "totalSeconds": 0,
        "avgPSI": 0,
        "avgTempF": 0,
        "avgAmps": 0,
        "gpm": 0,
        "updatedInLastQuery": true
      },
      "2": {
        "totalFlow": 0,
        "totalSeconds": 0,
        "avgPSI": 0,
        "avgTempF": 0,
        "avgAmps": 0,
        "gpm": 0,
        "updatedInLastQuery": true
      },
      "3": {
        "totalFlow": 0,
        "totalSeconds": 0,
        "avgPSI": 0,
        "avgTempF": 0,
        "avgAmps": 0,
        "gpm": 0,
        "updatedInLastQuery": true
      },
      "4": {
        "totalFlow": 0,
        "totalSeconds": 0,
        "avgPSI": 0,
        "avgTempF": 0,
        "avgAmps": 0,
        "gpm": 0,
        "updatedInLastQuery": true
      }
    },
    "1": {
      "1": {
        "totalFlow": 39.51132559031248,
        "totalSeconds": 279.0640367269516,
        "avgPSI": 43.679620859016225,
        "avgTempF": 77.83790249294705,
        "avgAmps": 1.4589354906458154,
        "gpm": 8.495109449514361,
        "updatedInLastQuery": true
      },
      "10": {
        "totalFlow": 212.25339877605438,
        "totalSeconds": 1486.3515399694443,
        "avgPSI": 45.580128493893035,
        "avgTempF": 78.43774273385911,
        "avgAmps": 1.3802261167227179,
        "gpm": 8.56809683584347,
        "updatedInLastQuery": true
      },
      "11": {
        "totalFlow": 0,
        "totalSeconds": 0,
        "avgPSI": 0,
        "avgTempF": 0,
        "avgAmps": 0,
        "gpm": 0,
        "updatedInLastQuery": true
      },
      "12": {
        "totalFlow": 0,
        "totalSeconds": 0,
        "avgPSI": 0,
        "avgTempF": 0,
        "avgAmps": 0,
        "gpm": 0,
        "updatedInLastQuery": true
      },
      "13": {
        "totalFlow": 114.10469315946102,
        "totalSeconds": 579.1330407857895,
        "avgPSI": 46.10308505834075,
        "avgTempF": 78.91055536352496,
        "avgAmps": 1.4269689239162648,
        "gpm": 11.821604203894788,
        "updatedInLastQuery": true
      },
      "14": {
        "totalFlow": 143.30450543761253,
        "totalSeconds": 580.1342458724976,
        "avgPSI": 46.636053887728984,
        "avgTempF": 80.05321031767747,
        "avgAmps": 1.4472672499459365,
        "gpm": 14.821173525664417,
        "updatedInLastQuery": true
      },
      "15": {
        "totalFlow": 0,
        "totalSeconds": 0,
        "avgPSI": 0,
        "avgTempF": 0,
        "avgAmps": 0,
        "gpm": 0,
        "updatedInLastQuery": true
      },
      "16": {
        "totalFlow": 182.9743286371231,
        "totalSeconds": 580.1308184862137,
        "avgPSI": 45.03050407541209,
        "avgTempF": 81.37915820417733,
        "avgAmps": 1.5078000198150503,
        "gpm": 18.924110508168564,
        "updatedInLastQuery": true
      },
      "17": {
        "totalFlow": 0,
        "totalSeconds": 0,
        "avgPSI": 0,
        "avgTempF": 0,
        "avgAmps": 0,
        "gpm": 0,
        "updatedInLastQuery": true
      },
      "18": {
        "totalFlow": 0,
        "totalSeconds": 0,
        "avgPSI": 0,
        "avgTempF": 0,
        "avgAmps": 0,
        "gpm": 0,
        "updatedInLastQuery": true
      },
      "19": {
        "totalFlow": 0,
        "totalSeconds": 0,
        "avgPSI": 0,
        "avgTempF": 0,
        "avgAmps": 0,
        "gpm": 0,
        "updatedInLastQuery": true
      },
      "2": {
        "totalFlow": 0,
        "totalSeconds": 0,
        "avgPSI": 0,
        "avgTempF": 0,
        "avgAmps": 0,
        "gpm": 0,
        "updatedInLastQuery": true
      },
      "20": {
        "totalFlow": 0,
        "totalSeconds": 0,
        "avgPSI": 0,
        "avgTempF": 0,
        "avgAmps": 0,
        "gpm": 0,
        "updatedInLastQuery": true
      },
      "21": {
        "totalFlow": 0,
        "totalSeconds": 0,
        "avgPSI": 0,
        "avgTempF": 0,
        "avgAmps": 0,
        "gpm": 0,
        "updatedInLastQuery": true
      },
      "22": {
        "totalFlow": 0,
        "totalSeconds": 0,
        "avgPSI": 0,
        "avgTempF": 0,
        "avgAmps": 0,
        "gpm": 0,
        "updatedInLastQuery": true
      },
      "23": {
        "totalFlow": 0,
        "totalSeconds": 0,
        "avgPSI": 0,
        "avgTempF": 0,
        "avgAmps": 0,
        "gpm": 0,
        "updatedInLastQuery": true
      },
      "24": {
        "totalFlow": 0,
        "totalSeconds": 0,
        "avgPSI": 0,
        "avgTempF": 0,
        "avgAmps": 0,
        "gpm": 0,
        "updatedInLastQuery": true
      },
      "25": {
        "totalFlow": 0,
        "totalSeconds": 0,
        "avgPSI": 0,
        "avgTempF": 0,
        "avgAmps": 0,
        "gpm": 0,
        "updatedInLastQuery": true
      },
      "26": {
        "totalFlow": 0,
        "totalSeconds": 0,
        "avgPSI": 0,
        "avgTempF": 0,
        "avgAmps": 0,
        "gpm": 0,
        "updatedInLastQuery": true
      },
      "27": {
        "totalFlow": 0,
        "totalSeconds": 0,
        "avgPSI": 0,
        "avgTempF": 0,
        "avgAmps": 0,
        "gpm": 0,
        "updatedInLastQuery": true
      },
      "28": {
        "totalFlow": 0,
        "totalSeconds": 0,
        "avgPSI": 0,
        "avgTempF": 0,
        "avgAmps": 0,
        "gpm": 0,
        "updatedInLastQuery": true
      },
      "29": {
        "totalFlow": 0,
        "totalSeconds": 0,
        "avgPSI": 0,
        "avgTempF": 0,
        "avgAmps": 0,
        "gpm": 0,
        "updatedInLastQuery": true
      },
      "3": {
        "totalFlow": 177.9374541938305,
        "totalSeconds": 1059.2161856889725,
        "avgPSI": 46.57633704346683,
        "avgTempF": 79.05527519391774,
        "avgAmps": 1.4261019959328194,
        "gpm": 10.079384544794706,
        "updatedInLastQuery": true
      },
      "30": {
        "totalFlow": 0,
        "totalSeconds": 0,
        "avgPSI": 0,
        "avgTempF": 0,
        "avgAmps": 0,
        "gpm": 0,
        "updatedInLastQuery": true
      },
      "31": {
        "totalFlow": 0,
        "totalSeconds": 0,
        "avgPSI": 0,
        "avgTempF": 0,
        "avgAmps": 0,
        "gpm": 0,
        "updatedInLastQuery": true
      },
      "32": {
        "totalFlow": 0,
        "totalSeconds": 0,
        "avgPSI": 0,
        "avgTempF": 0,
        "avgAmps": 0,
        "gpm": 0,
        "updatedInLastQuery": true
      },
      "4": {
        "totalFlow": 197.30125772953033,
        "totalSeconds": 881.1794866323471,
        "avgPSI": 47.97262397662194,
        "avgTempF": 79.42966690669671,
        "avgAmps": 1.4222622272240317,
        "gpm": 13.434352073961747,
        "updatedInLastQuery": true
      },
      "5": {
        "totalFlow": 202.5582859814167,
        "totalSeconds": 1479.298652291298,
        "avgPSI": 45.77365986473904,
        "avgTempF": 79.69665146131948,
        "avgAmps": 1.3719614704691776,
        "gpm": 8.215715697476199,
        "updatedInLastQuery": true
      },
      "6": {
        "totalFlow": 214.52527873963118,
        "totalSeconds": 1487.2939398288727,
        "avgPSI": 45.772885168007576,
        "avgTempF": 79.7990318200856,
        "avgAmps": 1.3763584478958069,
        "gpm": 8.654319351196214,
        "updatedInLastQuery": true
      },
      "7": {
        "totalFlow": 191.5511190071702,
        "totalSeconds": 1299.3181660175323,
        "avgPSI": 46.330470949250795,
        "avgTempF": 78.74794848576428,
        "avgAmps": 1.4188914673433017,
        "gpm": 8.845460212148785,
        "updatedInLastQuery": true
      },